User,Number of Sequences
motocultrice,61109
Túllio,33034
tykayn,5613
Yod4z,3842
Wikimaginot,2204
Peter Bremer,1778
JLZIMMERMANN,1691
Coehill,1625
Nzau,1540
Hopen111,1530
NGlf,1027
utvonalfelmeresek,882
Eric S,838
R_A,783
Rom1,695
gitouche,684
REmonet,645
osm-operon,597
Lejun,552
b-unicycling,539
Robot8A,449
Le Petit Léo,446
Bastian Greshake Tzovaras,423
PanierAvide,418
barnes38,347
Patchi,323
yopaseopor,318
Eric Bie,312
nlehuby,290
Mizuna,280
AlbaireN,279
jacopofar,274
brianh,266
下り専門,260
czecko,255
overflorian,245
RaphaelPasloin,243
MatthiasMatthias,240
rainerU,212
wegavision,211
!i!,211
Britzz,195
cherbe,195
AceT,192
Jeffdelonge,188
Aradrin,187
icluf,187
Irvin Chen,184
cquest,177
avi32,171
fg63,168
DNL852,168
Carto'Cité,156
AurélienQ,149
Mathias_ADAV,148
SIG_CCVCD,146
Evamap40,142
baptistemm,128
Al-Hun,121
Danil,119
Matthieu - F4FNE,118
gymate,118
20Jakob09,113
captaininler,111
Pivertd,110
trucbidule,109
Blueberry,106
Jean-Louis Stanus,106
roxystar,100
Tots en bici,95
Sophie Geosophie,94
Alixun,92
Daylight ASAP,92
grin,92
sykul,91
mbuege,90
Hindediou,84
unnerving_duck,84
Agaric IG,83
caboulot,82
laurent-38,81
Koreller,78
foehn,74
lubulu111,67
Kevin32950,65
bestinthewest,62
Mose53,61
atchisson,60
zorglubu,58
Rabo2024,57
End0fLine,55
Campanu,53
StephaneP,52
Patchanka,51
MC79,48
Tiliae,47
Bru Sa,46
pl6025,44
thosam,44
jcr83,43
_NicolasD_,42
panoramaps,41
Cayenne17,40
enscha,39
Cyrille37,39
coteyka,39
yc35,38
Antonin Del Fabbro,38
leofra31,37
NilsGdm,37
Fnordson,36
Skwaloo,35
Emmanuel Arrechea,35
Ecartip,35
Cyril5C,34
Mevesscarto,33
rouelibre1,33
zorun,32
Dinamots,32
SmithyScotland,29
antoniovr,29
rodolfovargas,28
Roue-doudou,27
josmougn,27
mga_geo,26
Pfabing,26
BrechtD,26
sly,25
sebcadier,25
mnalis ALTernative,25
hadhuey,25
5R-MFT,25
lefuturiste,24
BáthoryPéter,24
M!dgard,24
thetornado76,24
mawy33,23
ESándor,22
codll,22
paulb_imagery,21
Sylvain M,21
k127,21
Joe Brable,20
SeverinGeo,20
Lucinux85500,20
K12230LF,20
MikLav,19
Obsi,19
CRUB974,18
jerome92370,18
riquez,18
MakwaWes,18
Assurancetourax,17
Rémi_,17
widowild,17
Livius_,17
Corsaires,17
Marcos Dione,17
lluc,16
frodrigo,16
dmaille,16
chris_debian,16
SoulCover,16
RaphaelPasloin_mobile,15
LeoJavelot-CCSX,15
luzubal29,15
Dean Jenkins,15
Pierre Beyssac,15
snowkat1,15
ludo7620,15
Binnette,14
GeoMechain,14
brunofk360map,14
Tempus,14
trouyer,13
erics67,13
Philetjosie,13
lukasosm1976,13
TomTom777,13
Lezurex,13
VNT974,13
Raymond,12
ravenfeld,12
dadidou,11
JitenshaNiko,11
TheFighter137,11
waielbi,11
MExplorer,11
remi_mrd,11
TedScouGV,10
OILAGORRA,10
Cdrik_69,10
Ptigrouick,10
Jacques 3434,10
MichelEphant2Mer,10
filip769,9
pmiossec,9
gendy54,9
NicolasGrosjean,9
francois_poidevin,9
Louis Paul,9
Bernard,8
levil1,8
infeeeee,8
Herelix,8
jieff6_10,8
Chepycou,8
Arretche,8
Sam_Nantes,8
Kartonic,8
Marc Huf,8
Justin__,7
CapitaineMoustache,7
maelito2000,7
Jbieber,7
chloreu,7
Marc Bosch Matas,7
vultur,6
pyrog,6
hhlaj,6
XioNoX,6
kudlav,6
Beauty Mapper,6
HirschKauz,6
PierreNT,6
tyr_asd,5
ravidwivedi,5
gwalarn35,5
4004,5
Christopher,5
StefanHRT,5
jebins,5
Etienne DEMUR,5
Sunset_Sakura,5
Louis-64,5
desoter,5
Tbj,5
Start Your Own Gold Mine,5
Flavow,5
Nicolas_zt,5
Lurikbolding,5
Mimélo,5
mi_mitz,4
colargol,4
Dambond,4
waterced,4
pasq_fr,4
Diego Krein,4
abellao,4
Samoth47,4
Axelos,4
SamDB,4
Alex Rodionoff,4
RedAuburn,4
Aline Bonnet,4
tux67,4
CamilleM,4
juliencouty,4
DatenDieter,4
CONTAN,4
yo_scottie_oh,4
sudo_man,4
LowestPotential,4
Sylvain Roche Ecogarde,3
madejek77,3
Fixtor,3
Laburgue314,3
solugeo,3
blef,3
u4Dy46Xe,3
ewaca,3
ThejeshGN,3
Booteille,3
murein,3
borendine,3
alesarrett,3
UliFR,3
dylfitt,3
Menyhárt Máté,3
Arjun24,3
Thomas IdGeo,3
xvr_,3
viewmaps,3
Benoit84,3
JuanjoMC,3
MathiasBas,3
Zirkon,2
yann PNR Vercors,2
sigeom,2
GOwin,2
CDA,2
roubaf,2
OsterPaul,2
AltheaF,2
Canope57,2
aseidel,2
WerstensWichtelin78,2
Trebmuh,2
rah2501,2
bmarand,2
Vinber-Pro,2
Borao,2
Le Donut,2
doud1111,2
amicklew,2
denkmoritz,2
Thibaultmol,2
yue_dongchen,2
Mex,2
test_store,2
Geofreund1,2
johnarupire,2
Yakhya Sahr,2
Fischkopp0815,2
Jose Luis Infante,2
Negreheb,2
javi_space,2
arnaud_mapali,2
SIG StNazaireAgglo,2
Ruben Van de Velde,2
Piotr Strębski,2
ADMA 2,1
ClementH44,1
raphael0202,1
Thibtib51,1
MattPoulidor,1
implgeo,1
cstouvenot,1
VuvibGroupeUsager,1
chamlinou,1
luppano,1
Ltrlg,1
ooosssay,1
crohas,1
lann,1
Bogomil Shopov - Бого,1
julcnx,1
JackNUMBER,1
Branko Kokanovic,1
PinguDEV,1
sv_geo,1
superrache,1
pobsteta,1
Sébastien Chopin,1
lmagreault,1
benoitdd,1
cazitouni,1
Gregory03,1
Alexis Giraud-Courtney,1
bbbhltz,1
fleopaul,1
Deus Figendi,1
JokerNZ,1
gooberSmash,1
mgehling,1
amcrepin,1
Klenje,1
derFred,1
Guillaume_gzn,1
Théophile Merlière,1
Emmanuel Duv,1
jubonhomme,1
NicoB1212,1
Spätzle mit Linsen,1
syldb,1
garfield67,1
Paul 42,1
Vojtěch Fošnár,1
Pieter Vander Vennet,1
vincent_pronnier,1
rpeg_iua,1
BinnetteBot,1
zZqLuke,1
Meead Saberi,1
syafique,1
Billonde,1
DavidKarlas,1
mefioules,1
Steven Horner,1
Ville de Hendaye,1
Alex_Mapper,1
Nietsabes,1
PatPat46,1
MappingNomad,1
Nizar Kerkeni,1
tadkozh,1
philippec,1
MarcoR,1
eledt,1
minycarto,1
Mattam,1
NBerthelot,1
Qavai,1
seboyee,1
LeGratinDauphinois,1
AugustinP,1
Eléonore_leïla,1
DumboOctpus,1
Oulise,1
Anthoby,1
tam_ctte,1
Liust,1
DanQue69,1
Ga_martouille,1
gaetan_lavenu,1
Jean-Baptiste Ménard,1
Jean-Yves,1
scrambling_panda,1
Moosh,1
Milhouse,1
Sebourg,1
Le_Sharkoïste,1
