User,Download
motocultrice,yes
Túllio,no
tykayn,no
Yod4z,no
Wikimaginot,no
Peter Bremer,no
JLZIMMERMANN,no
Coehill,no
Nzau,no
Hopen111,no
NGlf,no
utvonalfelmeresek,no
Eric S,no
R_A,no
Rom1,no
gitouche,no
REmonet,no
osm-operon,no
Lejun,no
b-unicycling,no
Robot8A,no
Le Petit Léo,no
Bastian Greshake Tzovaras,no
PanierAvide,no
barnes38,yes
Patchi,no
yopaseopor,no
Eric Bie,no
nlehuby,no
Mizuna,no
AlbaireN,no
jacopofar,no
brianh,no
下り専門,no
czecko,no
overflorian,no
RaphaelPasloin,no
MatthiasMatthias,no
rainerU,no
wegavision,no
!i!,no
Britzz,no
cherbe,no
AceT,no
Jeffdelonge,no
Aradrin,no
icluf,no
Irvin Chen,no
cquest,no
avi32,no
fg63,no
DNL852,no
Carto'Cité,no
AurélienQ,no
Mathias_ADAV,no
SIG_CCVCD,no
Evamap40,no
baptistemm,no
Al-Hun,no
Danil,no
Matthieu - F4FNE,no
gymate,no
20Jakob09,no
captaininler,no
Pivertd,no
trucbidule,no
Blueberry,yes
Jean-Louis Stanus,no
roxystar,no
Tots en bici,no
Sophie Geosophie,no
Alixun,no
Daylight ASAP,no
grin,no
sykul,no
mbuege,no
Hindediou,no
unnerving_duck,no
Agaric IG,no
caboulot,no
laurent-38,no
Koreller,no
foehn,no
lubulu111,no
Kevin32950,no
bestinthewest,no
Mose53,no
atchisson,no
zorglubu,no
Rabo2024,no
End0fLine,no
Campanu,no
StephaneP,no
Patchanka,no
MC79,no
Tiliae,no
Bru Sa,no
pl6025,no
thosam,no
jcr83,no
_NicolasD_,no
panoramaps,no
Cayenne17,no
enscha,no
Cyrille37,no
coteyka,no
yc35,no
Antonin Del Fabbro,no
leofra31,no
NilsGdm,no
Fnordson,no
Skwaloo,no
Emmanuel Arrechea,no
Ecartip,no
Cyril5C,no
Mevesscarto,no
rouelibre1,no
zorun,no
Dinamots,no
SmithyScotland,no
antoniovr,no
rodolfovargas,no
Roue-doudou,no
josmougn,no
mga_geo,no
Pfabing,no
BrechtD,no
sly,no
sebcadier,no
mnalis ALTernative,no
hadhuey,no
5R-MFT,no
lefuturiste,no
BáthoryPéter,no
M!dgard,no
thetornado76,no
mawy33,no
ESándor,no
codll,no
paulb_imagery,no
Sylvain M,no
k127,no
Joe Brable,no
SeverinGeo,no
Lucinux85500,no
K12230LF,no
MikLav,no
Obsi,no
CRUB974,no
jerome92370,no
riquez,no
MakwaWes,no
Assurancetourax,no
Rémi_,no
widowild,no
Livius_,no
Corsaires,no
Marcos Dione,no
lluc,no
frodrigo,no
dmaille,no
chris_debian,no
SoulCover,no
RaphaelPasloin_mobile,no
LeoJavelot-CCSX,no
luzubal29,no
Dean Jenkins,no
Pierre Beyssac,no
snowkat1,no
ludo7620,no
Binnette,no
GeoMechain,no
brunofk360map,no
Tempus,no
trouyer,no
erics67,no
Philetjosie,no
lukasosm1976,no
TomTom777,no
Lezurex,no
VNT974,no
Raymond,no
ravenfeld,no
dadidou,no
JitenshaNiko,no
TheFighter137,no
waielbi,no
MExplorer,no
remi_mrd,no
TedScouGV,no
OILAGORRA,no
Cdrik_69,no
Ptigrouick,no
Jacques 3434,no
MichelEphant2Mer,no
filip769,no
pmiossec,no
gendy54,no
NicolasGrosjean,no
francois_poidevin,no
Louis Paul,no
Bernard,no
levil1,no
infeeeee,no
Herelix,no
jieff6_10,no
Chepycou,no
Arretche,no
Sam_Nantes,no
Kartonic,no
Marc Huf,no
Justin__,no
CapitaineMoustache,no
maelito2000,no
Jbieber,no
chloreu,no
Marc Bosch Matas,no
vultur,no
pyrog,no
hhlaj,no
XioNoX,no
kudlav,no
Beauty Mapper,no
HirschKauz,no
PierreNT,no
tyr_asd,no
ravidwivedi,no
gwalarn35,no
4004,no
Christopher,no
StefanHRT,no
jebins,no
Etienne DEMUR,no
Sunset_Sakura,no
Louis-64,no
desoter,no
Tbj,no
Start Your Own Gold Mine,no
Flavow,no
Nicolas_zt,no
Lurikbolding,no
Mimélo,no
mi_mitz,no
colargol,no
Dambond,no
waterced,no
pasq_fr,no
Diego Krein,no
abellao,no
Samoth47,no
Axelos,no
SamDB,no
Alex Rodionoff,no
RedAuburn,no
Aline Bonnet,no
tux67,no
CamilleM,no
juliencouty,no
DatenDieter,no
CONTAN,no
yo_scottie_oh,no
sudo_man,no
LowestPotential,no
Sylvain Roche Ecogarde,no
madejek77,no
Fixtor,no
Laburgue314,no
solugeo,no
blef,no
u4Dy46Xe,no
ewaca,no
ThejeshGN,no
Booteille,no
murein,no
borendine,no
alesarrett,no
UliFR,no
dylfitt,no
Menyhárt Máté,no
Arjun24,no
Thomas IdGeo,no
xvr_,no
viewmaps,no
Benoit84,no
JuanjoMC,no
MathiasBas,no
Zirkon,no
yann PNR Vercors,no
sigeom,no
GOwin,no
CDA,no
roubaf,no
OsterPaul,no
AltheaF,no
Canope57,no
aseidel,no
WerstensWichtelin78,no
Trebmuh,no
rah2501,no
bmarand,no
Vinber-Pro,no
Borao,no
Le Donut,no
doud1111,no
amicklew,no
denkmoritz,no
Thibaultmol,no
yue_dongchen,no
Mex,no
test_store,no
Geofreund1,no
johnarupire,no
Yakhya Sahr,no
Fischkopp0815,no
Jose Luis Infante,no
Negreheb,no
javi_space,no
arnaud_mapali,no
SIG StNazaireAgglo,no
Ruben Van de Velde,no
Piotr Strębski,no
ADMA 2,no
ClementH44,no
raphael0202,no
Thibtib51,no
MattPoulidor,no
implgeo,no
cstouvenot,no
VuvibGroupeUsager,no
chamlinou,no
luppano,no
Ltrlg,no
ooosssay,no
crohas,no
lann,no
Bogomil Shopov - Бого,no
julcnx,no
JackNUMBER,no
Branko Kokanovic,no
PinguDEV,no
sv_geo,no
superrache,no
pobsteta,no
Sébastien Chopin,no
lmagreault,no
benoitdd,no
cazitouni,no
Gregory03,no
Alexis Giraud-Courtney,no
bbbhltz,no
fleopaul,no
Deus Figendi,no
JokerNZ,no
gooberSmash,no
mgehling,no
amcrepin,no
Klenje,no
derFred,no
Guillaume_gzn,no
Théophile Merlière,no
Emmanuel Duv,no
jubonhomme,no
NicoB1212,no
Spätzle mit Linsen,no
syldb,no
garfield67,no
Paul 42,no
Vojtěch Fošnár,no
Pieter Vander Vennet,no
vincent_pronnier,no
rpeg_iua,no
BinnetteBot,no
zZqLuke,no
Meead Saberi,no
syafique,no
Billonde,no
DavidKarlas,no
mefioules,no
Steven Horner,no
Ville de Hendaye,no
Alex_Mapper,no
Nietsabes,no
PatPat46,no
MappingNomad,no
Nizar Kerkeni,no
tadkozh,no
philippec,no
MarcoR,no
eledt,no
minycarto,no
Mattam,no
NBerthelot,no
Qavai,no
seboyee,no
LeGratinDauphinois,no
AugustinP,no
Eléonore_leïla,no
DumboOctpus,no
Oulise,no
Anthoby,no
tam_ctte,no
Liust,no
DanQue69,no
Ga_martouille,no
gaetan_lavenu,no
Jean-Baptiste Ménard,no
Jean-Yves,no
scrambling_panda,no
Moosh,no
Milhouse,no
Sebourg,no
Le_Sharkoïste,no
